time,N_X,n,pc,pm,gen,ppl
0.109000,10,2,0.900000,0.010000,100,100,
0.145000,
0.111000,
0.147000,
1.102000,
